INSERT INTO dbTriage.persona (docidentidad,mail,nombres,apellidos,calle,numero,barrio,esquina,apartamento,fechaNacimiento,activo,fechaRegistro) VALUES 
(1926174,'mariaprado@gmail.com','Maria Ester','Lima Prado','','','','','','1984-08-12',1,'2020-08-12 15:43:04.0'),
(11111111,'usuario1@gmail.com','Mario Juan','Fernandez Corbo',NULL,NULL,NULL,NULL,NULL,'1982-04-25',1,'2020-08-11 18:40:35.0'),
(19248371,'andrea.gonzalez@gmail.com','Andrea Laura','Gonzalez Sanchez','','','','','','1969-08-12',1,'2020-08-12 11:48:11.0'),
(19248372,'maria.perez@gmail.com','Maria Elisa','Perez Perez','','','','','','1900-08-12',1,'2020-08-12 15:31:13.0'),
(19248373,'julio.gonzalez@gmail.com','Julio Raul','Gonzalez Prieto','','','','','','1969-10-27',1,'2020-08-12 15:48:02.0'),
(19248374,'luisjuan@gmail.com','Luis Juan','Gomez Diaz','','','','','','1984-01-02',1,'2020-08-12 15:53:54.0'),
(19248375,'mariamoreno@gmail.com','Maria Lujan','Garcia Moreno','Las Heras','3256','Parque Batlle','Av. Italia','201','1980-05-14',1,'2020-08-12 15:58:16.0'),
(19248376,'mikalu@gmail.com','Mika Lu','Capu Sala','MCastro','5544','Solymar','Dulcinea','','1980-09-21',1,'2020-08-12 16:01:38.0'),
(19248377,'juanazapata@gmail.com','Juana Gaby','Zapata Gana','','','','','','1976-12-20',1,'2020-08-12 16:03:58.0'),
(19266171,'arturo.muela@gmail.com','Arturo Manuel','Muela Sosa','','','','','','1974-06-12',1,'2020-08-13 20:19:05.0'),
(19266172,'ruben.lima@gmail.com','Ruben Andre','Lima Sosa','','','','','','1983-09-20',1,'2020-08-13 20:20:11.0'),
(19266173,'luisb@gmail.com','Luis Mario','Benedetti','La direccion','2510','el barrio','La esquina','','1984-03-22',1,'2020-08-13 20:19:49.0'),
(19266175,'notienemail@gmail.com','Estanislao','Perez','Lima ','5646','La Blanqueada','Lavalleja','1A','1936-08-12',1,'2020-08-12 15:44:37.0'),
(19266176,'abu_ruth@gmial.com','Ruth Rosario','Sanchez Cardozo','','','','','','1974-06-11',1,'2020-08-12 15:45:57.0'),
(22222222,'maria.lima@gmail.com','Maria Juana','Lima','Av. De los Pinos','2516','El Barrio','La otra calle','','1984-08-12',1,'2020-08-12 11:52:54.0'),
(33333333,'angelasoria@vidasana.com','Angela Maria','Soria Machado','','','','','','1967-02-12',1,'2020-08-12 16:07:14.0'),
(44444444,'sebastian@vidasana.com','Sebas Tian','Guardia Segura','','','','','','1986-04-10',1,'2020-08-12 16:08:50.0'),
(55555555,'auguspais@vidasana.com','Augus Diego','Pais Nandez','Los Caminos al Fondo','2244','Buceo','Es aca','','1990-12-26',1,'2020-08-12 16:11:41.0'),
(66666666,'anamarialopez@vidasana.com','Ana Maria','Lopez Perez','Aguas Claras','3355','Escondido','Lado','','1995-10-22',1,'2020-08-12 16:15:02.0'),
(77777777,'cristinamendez@vidasana.com','Cristina Maria','Mendez Pintos','','','','','','1954-01-18',1,'2020-08-12 16:16:52.0');

INSERT INTO dbTriage.administrativo (docidentidad,ndeempleado) VALUES 
(11111111,1234),
(22222222,2222),
(77777777,2587),
(33333333,4321),
(44444444,6541),
(55555555,8426),
(66666666,8523);

INSERT INTO dbTriage.medico (docidentidad,ndemedico) VALUES 
(19266173,1234),
(19266171,1926),
(1926174,13456),
(19266175,19265),
(19266176,19266),
(19266172,192622);

INSERT INTO dbTriage.paciente (docidentidad) VALUES 
(19248371),
(19248372),
(19248373),
(19248374),
(19248375),
(19248376),
(19248377);


INSERT INTO dbTriage.patologia (id, nombre, ponderacion, descripcion, activo) VALUES
(1, 'Contracturas', 10, 'Dolor Muscular en todo el cuerpo', 1),
(2, 'Gripe A', 40, 'La gripe A es una enfermedad infecciosa causada por un virus de la influenza tipo A,', 1),
(3, 'Covid-19', 10, 'Los síntomas aparecen entre dos y catorce días, con un promedio de cinco días, después de la exposición al virus.21?22?23?24? Existe evidencia limitada que sugiere que el virus podría transmitirse uno o dos días antes de que se tengan síntomas, ya que la viremia alcanza un pico al final del período de incubación.2', 1),
(4, 'Ataque la Higado', 10, 'Comé despacio y mastica muy bien. El hígado no es el responsable de tus molestias. Es un problema digestivo. Deberás tener presente todos estos consejos para evitar su progresión.', 1),
(5, 'Sinusitis', 20, 'Inflamación nasal.Secreción espesa y descolorida de la nariz. Secreción por la parte posterior de la garganta (secreción posnasal). Obstrucción o congestión nasal, que dificultad para respirar por la nariz. Dolor, sensibilidad e inflamación alrededor de los ojos, las mejillas, la nariz o la frente', 1),
(6, 'Asma', 40, 'Falta de aire. Dolor u opresión en el pecho. Problemas para dormir causados por falta de aire, tos o silbido al respirar.', 1),
(7, 'Hemorroides', 10, 'Las hemorroides, también llamadas almorranas, son venas hinchadas en el ano y la parte inferior del recto, similares a las venas varicosas. Las hemorroides pueden desarrollarse dentro del recto (hemorroides internas) o debajo de la piel alrededor del ano (hemorroides externas).', 1),
(11, 'Accidente cerebrovascular', 40, 'Un accidente cerebrovascular ocurre cuando el suministro de sangre a una parte del cerebro se interrumpe o se reduce, lo que impide que el tejido cerebral reciba oxígeno y nutrientes. Las células cerebrales comienzan a morir en minutos.', 1),
(15, 'Artritis reumatoide', 20, 'La artritis reumatoide es una forma de artritis que causa dolor, inflamación, rigidez y pérdida de la función de las articulaciones. Puede afectar cualquier articulación, pero es común en las muñecas y los dedos.', 1),
(16, 'Broncoespamo', 10, 'Las glándulas bronquiales se encargan de segregar una mucosidad que acaba por bloquear los bronquios impidiendo que el aire circule con normalidad. ', 1),
(18, 'Dengue', 40, 'El dengue es una enfermedad infecciosa producida por el virus del dengue (DENV). Pertenece al género Flavivirus, de la familia Flaviviridae que, a la vez, pertenece al grupo de los Arbovirus (virus trasmitidos por artrópodos). Las partículas virales contienen RNA de cadena simple, son envueltas y tienen aproximadamente 40-50 nm de diámetro.', 1),
(19, 'Patologia Uno', 20, 'Ingreso de nuevo patologia <sv<sd', 0),
(20, 'Prueba de pat', 10, 'Prueba de patologia nueva', 0),
(22, 'Prueba de patologia', 20, 'Ingreso de patologia 17/06/2020 con sus sintomas relacionados', 0),
(24, 'Ingreso de patologia', 20, 'Ingreso de patologia 1 con sintomas diferentes', 0),
(25, 'Prueba 2', 40, 'Ingreso de patologia 2', 1),
(26, 'Prueba 3', 30, 'Ingreso de patologia 3 17/06/2020 con sintomas', 1),
(27, 'Rinitis', 30, 'Usted presenta un cuadro de  Rinitis. La rinitis es una inflamación del revestimiento mucoso de la nariz, caracterizada clínicamente por uno o más síntomas: rinorrea, estornudo, prurito (picor) nasal, tos irritativa, drenaje (secreción) postnasal.', 1),
(28, 'picazon', 10, 'urticaria en el cuerpo, principalmente en manos', 0),
(29, 'test', 1000, 'asrgaedrgadsf', 0),
(30, 'Broncoespasmo', 10, 'Las glándulas bronquiales se encargan de segregar una mucosidad que acaba por bloquear los bronquios impidiendo que el aire circule con normalidad. ', 0),
(31, 'Patologia inactiva', 10, 'asrgasg', 0),
(32, 'Acné', 10, 'El acné es una enfermedad que se caracteriza por la aparición de lesiones en la piel como consecuencia de una foliculitis, una inflamación y posterior infección del poro folicular (orificio de salida del pelo). Estas lesiones suelen ser granos, espinillas negras y parches rojos e inflamados, como quistes.', 1),
(33, 'Aftas bucales', 10, 'Las aftas bucales son úlceras que se producen en la mucosa de la boca y constituyen una de las enfermedades bucales que  más frecuencia tiene junto con las caries. Son de tamaño pequeño (unos 5 milímetros), el color suele ser blanquecino y aparecen rodeadas por un área roja. Además, no son contagiosas.', 1),
(34, 'Nueva Patologia', 30, 'Detalle', 1),
(35, 'Nueva patologia', 20, 'Detalle', 0),
(36, 'Gripe común', 10, 'La gripe es causada por un virus de la influenza.\r\nLa mayoría de las personas contraen la gripe cuando inhalan gotitas provenientes de la tos o los estornudos de alguien que tenga gripe. Usted también la puede contraer si toca algo que contenga el virus y luego se toca la boca, la nariz o los ojos.', 1),
(37, 'para borrar', 20, 'Patologia para borrar', 0),
(38, 'prueba', 20, 'adasds', 0),
(39, 'drtjhndsrt', 10, 'aerhaerhearhaerhea', 1),
(40, 'Piedras en Riñones', 40, 'Tus riñones remueven los desechos y líquidos de tu cuerpo para hacer orina.  Algunas veces cuando tienes demasiado de algún desecho y no suficiente líquidos en tu sangre, estos deshechos pueden acumularse y aglutinan en tus riñones.  Estos bodoques de deshechos son llamadas piedras en los riñones o también conocidos como cálculos renales.\r\n\r\n', 1);

INSERT INTO dbTriage.sintoma (id, nombre, activo) VALUES
(1, 'Náuseas', 1),
(2, 'Tos', 1),
(3, 'Falta de Aire', 1),
(4, 'Diarrea', 1),
(5, 'Vomito', 1),
(6, 'Náuseas', 1),
(8, 'Dolor en el pecho', 1),
(9, 'Dolor de Cabeza', 1),
(11, ' Calambres en manos', 1),
(12, ' Presion Alta', 1),
(13, 'Perdida de Peso', 0),
(14, 'Picor', 0),
(15, 'Agotamiento', 0),
(17, 'Taquicardia', 0),
(18, 'Mareos', 1),
(19, 'Escalofríos', 1),
(22, 'Dolor de testiculo', 1),
(23, 'Pérdida de apetito', 1),
(24, 'Dolor de oído', 1),
(25, 'cucusa', 0),
(27, 'Ojos y piel amarillentos', 1),
(28, 'Pigmentación amarilla de ', 1),
(30, 'Picazon en los ojos', 1),
(40, 'Dolor en los Genitales', 1),
(42, 'Manchas rojizas', 1),
(44, 'Dolor en los ojos', 1),
(45, 'Dolor Muscular', 1),
(46, 'Dolor en los huesos', 1),
(47, 'Fiebre Alta', 1),
(49, 'Fiebre baja', 1),
(50, 'Fiebre Moderada', 1),
(53, 'Dolor de espalda', 1),
(54, 'Perdida de audicion', 1),
(57, 'Prueba dos', 0),
(66, 'Piel roja', 1),
(67, 'Alteracion en la orina', 1),
(76, 'Picor en los ojos', 1),
(77, 'Estornudos', 1),
(78, 'Tos irritativa', 1),
(79, 'Ojos rojos', 1),
(81, '', 0),
(84, 'Granos', 1),
(86, 'Pus', 1),
(88, 'Heridas blancas en boca', 1),
(89, 'heridas en la lengua', 1),
(93, 'Calambre', 1),
(94, 'Dolor agudo en la espalda', 1),
(95, 'Dolor al orinar', 1);

INSERT INTO dbTriage.asociados (idPatologia, IdSintoma) VALUES
(1, 45),
(1, 53),
(2, 3),
(2, 9),
(3, 2),
(3, 4),
(4, 1),
(4, 4),
(4, 5),
(5, 3),
(5, 9),
(5, 18),
(6, 3),
(6, 8),
(6, 18),
(7, 4),
(7, 19),
(11, 9),
(11, 11),
(11, 12),
(15, 11),
(15, 46),
(16, 2),
(16, 3),
(16, 18),
(18, 5),
(18, 46),
(18, 47),
(19, 1),
(19, 4),
(20, 6),
(20, 12),
(22, 1),
(22, 2),
(22, 19),
(24, 1),
(24, 2),
(24, 3),
(24, 5),
(25, 2),
(25, 4),
(26, 1),
(26, 2),
(26, 3),
(27, 76),
(27, 77),
(27, 78),
(27, 79),
(29, 1),
(29, 12),
(29, 67),
(29, 78),
(29, 79),
(30, 2),
(30, 18),
(32, 84),
(32, 86),
(33, 88),
(33, 89),
(34, 2),
(34, 4),
(35, 2),
(35, 4),
(36, 2),
(36, 8),
(36, 45),
(36, 50),
(37, 1),
(38, 1),
(38, 3),
(39, 1),
(39, 2),
(39, 3),
(39, 4),
(39, 5),
(39, 6),
(39, 8),
(39, 9),
(39, 11),
(39, 12),
(39, 18),
(40, 94),
(40, 95);

INSERT INTO dbTriage.diagnostico (id, prioridad) VALUES
(161348021, 40),
(162251781, 30),
(163840577, 20);

INSERT INTO dbTriage.tiene (idDiagnostico, idPatologia, idSintoma ) VALUES
(161348021, 16,1),
(161348021, 24,1),
(161348021, 26,1),
(162251781, 5,1),
(162251781, 39,1),
(163840577, 5,1),
(163840577, 6,1),
(163840577, 16,1);

INSERT INTO dbTriage.recibe (idDiagnostico,idPaciente,fechaHora) VALUES 
(161348021,19248371,'2020-08-16 17:13:48.0'),
(162251781,19248371,'2020-08-16 17:22:52.0'),
(163840577,19248371,'2020-08-16 17:38:41.0');

INSERT INTO dbTriage.sesion (idSesion,estado,fechaHoraInicioSesion,prioridad) VALUES 
(161348021,'3','2020-08-16 17:17:46.0',10),
(162251781,'3','2020-08-16 17:26:51.0',30),
(163840577,'3','2020-08-16 17:42:30.0',20);

INSERT INTO dbTriage.chat (docidentidadPaciente,docidentidadMedico,idSesion,fechaHora,emisor,mensaje,leido) VALUES 
(19248371,19266171,161348021,'2020-08-16 17:14:20.0','M','El medico ha iniciado sesion, aguarda por favor...',1),
(19248371,19266171,161348021,'2020-08-16 17:14:20.0','M','Hola buenas tardes',1),
(19248371,19266171,161348021,'2020-08-16 17:14:28.0','P','hola doctor',1),
(19248371,19266171,161348021,'2020-08-16 17:14:40.0','M','cuanto hace que presenta este cuadro?',1),
(19248371,19266171,161348021,'2020-08-16 17:14:53.0','P','desde ayer a la mañana',1),
(19248371,19266171,161348021,'2020-08-16 17:15:05.0','M','Ha presentado fiebre',1),
(19248371,19266171,161348021,'2020-08-16 17:15:18.0','P','no',1),
(19248371,19266171,161348021,'2020-08-16 17:15:45.0','M','bien, algun otro sintoma ',1),
(19248371,19266171,161348021,'2020-08-16 17:15:53.0','P','pero el dolor en el pecho me preocupo por eso le consultaba',1),
(19248371,19266171,161348021,'2020-08-16 17:16:03.0','P','cansancio fisico',1),
(19248371,19266171,161348021,'2020-08-16 17:16:09.0','M','La tos es con catarro?',1),
(19248371,19266171,161348021,'2020-08-16 17:16:13.0','P','no',1),
(19248371,19266171,161348021,'2020-08-16 17:16:18.0','P','es tos seca',1),
(19248371,19266171,161348021,'2020-08-16 17:16:45.0','M','ok, bueno, estamos ante un escenario de gripe',1),
(19248371,19266171,161348021,'2020-08-16 17:16:55.0','M','tomese un zolben caliente',1),
(19248371,19266171,161348021,'2020-08-16 17:16:55.0','M','y a la cama',1),
(19248371,19266171,161348021,'2020-08-16 17:17:13.0','M','si no recupera en 72 hrs. vuelva a contactarnos',1),
(19248371,19266171,161348021,'2020-08-16 17:17:13.0','P','okey, ya me tomo uno',1),
(19248371,19266171,161348021,'2020-08-16 17:17:23.0','P','muchas gracias',1),
(19248371,19266171,161348021,'2020-08-16 17:17:30.0','M','gracias a Usted.',1);

INSERT INTO dbTriage.chat (docidentidadPaciente,docidentidadMedico,idSesion,fechaHora,emisor,mensaje,leido) VALUES 
(19248371,19266171,162251781,'2020-08-16 17:23:26.0','M','El medico ha iniciado sesion, aguarda por favor...',1),
(19248371,19266171,162251781,'2020-08-16 17:23:31.0','M','Hola',1),
(19248371,19266171,162251781,'2020-08-16 17:23:36.0','M','Como esta Andrea?',1),
(19248371,19266171,162251781,'2020-08-16 17:23:36.0','P','hola doc',1),
(19248371,19266171,162251781,'2020-08-16 17:23:51.0','P','con molestia',1),
(19248371,19266171,162251781,'2020-08-16 17:23:56.0','M','Cuanto hace que presenta este cuadro?',1),
(19248371,19266171,162251781,'2020-08-16 17:24:16.0','P','los estornudos y la picazon en los ojos',1),
(19248371,19266171,162251781,'2020-08-16 17:24:26.0','P','y la tos no me deja tranquila',1),
(19248371,19266171,162251781,'2020-08-16 17:24:36.0','P','me duele la frente cuando bajo la cabeza',1),
(19248371,19266171,162251781,'2020-08-16 17:25:46.0','M','bien, de acuerdo a sus sintomas creo que podemos estar frente a una rinitis,',1),
(19248371,19266171,162251781,'2020-08-16 17:26:06.0','M','es aconsejable que visite el policlinico para que le realicen',1),
(19248371,19266171,162251781,'2020-08-16 17:26:11.0','M','una revision mas profunda',1),
(19248371,19266171,162251781,'2020-08-16 17:26:31.0','P','ah bueno, voy hasta ahi entonces',1),
(19248371,19266171,162251781,'2020-08-16 17:26:36.0','P','muchas gracias',1),
(19248371,19266171,162251781,'2020-08-16 17:26:41.0','M','Gracias por consulta',1),
(19248371,19266171,162251781,'2020-08-16 17:26:43.0','M','y a las ordenes',1),
(19248371,19266171,162251781,'2020-08-16 17:26:46.0','P','saludos',1);

INSERT INTO dbTriage.chat (docidentidadPaciente,docidentidadMedico,idSesion,fechaHora,emisor,mensaje,leido) VALUES 
(19248371,19266171,163840577,'2020-08-16 17:38:59.0','M','El medico ha iniciado sesion, aguarda por favor...',1),
(19248371,19266171,163840577,'2020-08-16 17:39:04.0','M','Hola Andra, bienvenida nuevamente',1),
(19248371,19266171,163840577,'2020-08-16 17:39:10.0','P','hola doc',1),
(19248371,19266171,163840577,'2020-08-16 17:39:10.0','P','como esta?',1),
(19248371,19266171,163840577,'2020-08-16 17:39:24.0','M','Los calambres son en las dos manos',1),
(19248371,19266171,163840577,'2020-08-16 17:39:24.0','M','?',1),
(19248371,19266171,163840577,'2020-08-16 17:39:25.0','P','me siguen los calambres en las manos',1),
(19248371,19266171,163840577,'2020-08-16 17:39:59.0','M','y el dolor de huesos, donde es que le duele?',1),
(19248371,19266171,163840577,'2020-08-16 17:40:05.0','P','hoy es mas intenso',1),
(19248371,19266171,163840577,'2020-08-16 17:40:20.0','P','los brazos y antebrazos',1),
(19248371,19266171,163840577,'2020-08-16 17:40:39.0','M','Bien, esta tomando alguna medicacion?',1),
(19248371,19266171,163840577,'2020-08-16 17:41:05.0','P','aun no, solo un analgesico para los dolores',1),
(19248371,19266171,163840577,'2020-08-16 17:41:54.0','M','Ok, le sugiero pedir pase a un reumatologo a los efectos de que pueda hacer ',1),
(19248371,19266171,163840577,'2020-08-16 17:41:59.0','M','una correcta evaluacino',1),
(19248371,19266171,163840577,'2020-08-16 17:42:04.0','M','evaluacion de la situacion',1),
(19248371,19266171,163840577,'2020-08-16 17:42:04.0','M','no deje estar',1),
(19248371,19266171,163840577,'2020-08-16 17:42:13.0','P','bien gracias',1),
(19248371,19266171,163840577,'2020-08-16 17:42:14.0','M','ya que esto puede derivar en consecuencias mayores',1),
(19248371,19266171,163840577,'2020-08-16 17:42:20.0','P','pido hora para estos dias',1),
(19248371,19266171,163840577,'2020-08-16 17:42:25.0','P','gracias por todo',1),
(19248371,19266171,163840577,'2020-08-16 17:42:29.0','M','a las ordenes',1);