INSERT INTO dbTriage.persona (docidentidad,mail,nombres,apellidos,calle,numero,barrio,esquina,apartamento,fechaNacimiento,activo,fechaRegistro) VALUES 
(1926174,'mariaprado@gmail.com','Maria Ester','Lima Prado','','','','','','1984-08-12',1,'2020-08-12 15:43:04.0'),
(11111111,'usuario1@gmail.com','Mario Juan','Fernandez Corbo',NULL,NULL,NULL,NULL,NULL,'1982-04-25',1,'2020-08-11 18:40:35.0'),
(19248371,'andrea.gonzalez@gmail.com','Andrea Laura','Gonzalez Sanchez','','','','','','1969-08-12',1,'2020-08-12 11:48:11.0'),
(19248372,'maria.perez@gmail.com','Maria Elisa','Perez Perez','','','','','','1900-08-12',1,'2020-08-12 15:31:13.0'),
(19248373,'julio.gonzalez@gmail.com','Julio Raul','Gonzalez Prieto','','','','','','1969-10-27',1,'2020-08-12 15:48:02.0'),
(19248374,'luisjuan@gmail.com','Luis Juan','Gomez Diaz','','','','','','1984-01-02',1,'2020-08-12 15:53:54.0'),
(19248375,'mariamoreno@gmail.com','Maria Lujan','Garcia Moreno','Las Heras','3256','Parque Batlle','Av. Italia','201','1980-05-14',1,'2020-08-12 15:58:16.0'),
(19248376,'mikalu@gmail.com','Mika Lu','Capu Sala','MCastro','5544','Solymar','Dulcinea','','1980-09-21',1,'2020-08-12 16:01:38.0'),
(19248377,'juanazapata@gmail.com','Juana Gaby','Zapata Gana','','','','','','1976-12-20',1,'2020-08-12 16:03:58.0'),
(19266171,'arturo.muela@gmail.com','Arturo Manuel','Muela Sosa','','','','','','1974-06-12',1,'2020-08-13 20:19:05.0'),
(19266172,'ruben.lima@gmail.com','Ruben Andre','Lima Sosa','','','','','','1983-09-20',1,'2020-08-13 20:20:11.0'),
(19266173,'luisb@gmail.com','Luis Mario','Benedetti','La direccion','2510','el barrio','La esquina','','1984-03-22',1,'2020-08-13 20:19:49.0'),
(19266175,'notienemail@gmail.com','Estanislao','Perez','Lima ','5646','La Blanqueada','Lavalleja','1A','1936-08-12',1,'2020-08-12 15:44:37.0'),
(19266176,'abu_ruth@gmial.com','Ruth Rosario','Sanchez Cardozo','','','','','','1974-06-11',1,'2020-08-12 15:45:57.0'),
(22222222,'maria.lima@gmail.com','Maria Juana','Lima','Av. De los Pinos','2516','El Barrio','La otra calle','','1984-08-12',1,'2020-08-12 11:52:54.0'),
(33333333,'angelasoria@vidasana.com','Angela Maria','Soria Machado','','','','','','1967-02-12',1,'2020-08-12 16:07:14.0'),
(44444444,'sebastian@vidasana.com','Sebas Tian','Guardia Segura','','','','','','1986-04-10',1,'2020-08-12 16:08:50.0'),
(55555555,'auguspais@vidasana.com','Augus Diego','Pais Nandez','Los Caminos al Fondo','2244','Buceo','Es aca','','1990-12-26',1,'2020-08-12 16:11:41.0'),
(66666666,'anamarialopez@vidasana.com','Ana Maria','Lopez Perez','Aguas Claras','3355','Escondido','Lado','','1995-10-22',1,'2020-08-12 16:15:02.0'),
(77777777,'cristinamendez@vidasana.com','Cristina Maria','Mendez Pintos','','','','','','1954-01-18',1,'2020-08-12 16:16:52.0');

INSERT INTO dbTriage.administrativo (docidentidad,ndeempleado) VALUES 
(11111111,1234),
(22222222,2222),
(77777777,2587),
(33333333,4321),
(44444444,6541),
(55555555,8426),
(66666666,8523);

INSERT INTO dbTriage.medico (docidentidad,ndemedico) VALUES 
(19266173,1234),
(19266171,1926),
(1926174,13456),
(19266175,19265),
(19266176,19266),
(19266172,192622);

INSERT INTO dbTriage.paciente (docidentidad) VALUES 
(19248371),
(19248372),
(19248373),
(19248374),
(19248375),
(19248376),
(19248377);